{
    "0": [
        [
            120.90323781208315,
            3.0
        ],
        [
            121.02543904905019,
            2.1666666666666665
        ],
        [
            121.14764028601724,
            1.3333333333333333
        ],
        [
            121.26984152298428,
            0.5
        ],
        [
            121.39204275995131,
            -0.3333333333333335
        ],
        [
            121.51424399691835,
            -1.166666666666667
        ],
        [
            121.6364452338854,
            -2.0
        ],
        [
            120.77597866890024,
            -2.8333333333333335
        ],
        [
            119.91551210391506,
            -3.666666666666667
        ],
        [
            119.0550455389299,
            -4.5
        ]
    ],
    "1": [
        [
            121.42973080854813,
            3.0
        ],
        [
            121.18671739643871,
            2.1666666666666665
        ],
        [
            120.94370398432929,
            1.3333333333333333
        ],
        [
            120.70069057221987,
            0.5
        ],
        [
            120.45767716011045,
            -0.3333333333333335
        ],
        [
            120.21466374800103,
            -1.166666666666667
        ],
        [
            119.97165033589161,
            -2.0
        ],
        [
            119.54755921539675,
            -2.8333333333333335
        ],
        [
            119.12346809490188,
            -3.666666666666667
        ],
        [
            118.69937697440702,
            -4.5
        ]
    ],
    "2": [
        [
            120.9239866487742,
            3.0
        ],
        [
            121.10239221098053,
            2.1666666666666665
        ],
        [
            121.28079777318685,
            1.3333333333333333
        ],
        [
            121.45920333539317,
            0.5
        ],
        [
            121.63760889759948,
            -0.3333333333333335
        ],
        [
            121.8160144598058,
            -1.166666666666667
        ],
        [
            121.99442002201212,
            -2.0
        ],
        [
            121.77085578215639,
            -2.8333333333333335
        ],
        [
            121.54729154230064,
            -3.666666666666667
        ],
        [
            121.32372730244491,
            -4.5
        ]
    ],
    "3": [
        [
            120.73477330415395,
            3.0
        ],
        [
            120.51741188580908,
            2.1666666666666665
        ],
        [
            120.30005046746423,
            1.3333333333333333
        ],
        [
            120.08268904911937,
            0.5
        ],
        [
            119.8653276307745,
            -0.3333333333333335
        ],
        [
            119.64796621242965,
            -1.166666666666667
        ],
        [
            119.43060479408479,
            -2.0
        ],
        [
            120.1575054077454,
            -2.8333333333333335
        ],
        [
            120.88440602140604,
            -3.666666666666667
        ],
        [
            121.61130663506665,
            -4.5
        ]
    ],
    "4": [
        [
            120.04393529462557,
            3.0
        ],
        [
            120.08611027500473,
            2.1666666666666665
        ],
        [
            120.12828525538387,
            1.3333333333333333
        ],
        [
            120.17046023576302,
            0.5
        ],
        [
            120.21263521614217,
            -0.3333333333333335
        ],
        [
            120.25481019652133,
            -1.166666666666667
        ],
        [
            120.29698517690048,
            -2.0
        ],
        [
            120.47116156386627,
            -2.8333333333333335
        ],
        [
            120.64533795083206,
            -3.666666666666667
        ],
        [
            120.81951433779786,
            -4.5
        ]
    ],
    "5": [
        [
            119.35768702300723,
            3.0
        ],
        [
            119.79065217031935,
            2.1666666666666665
        ],
        [
            120.22361731763145,
            1.3333333333333333
        ],
        [
            120.65658246494357,
            0.5
        ],
        [
            121.08954761225569,
            -0.3333333333333335
        ],
        [
            121.52251275956779,
            -1.166666666666667
        ],
        [
            121.9554779068799,
            -2.0
        ],
        [
            121.26184398976132,
            -2.8333333333333335
        ],
        [
            120.56821007264273,
            -3.666666666666667
        ],
        [
            119.87457615552414,
            -4.5
        ]
    ],
    "6": [
        [
            119.86535631731002,
            3.0
        ],
        [
            119.77708134007322,
            2.1666666666666665
        ],
        [
            119.68880636283643,
            1.3333333333333333
        ],
        [
            119.60053138559965,
            0.5
        ],
        [
            119.51225640836286,
            -0.3333333333333335
        ],
        [
            119.42398143112607,
            -1.166666666666667
        ],
        [
            119.33570645388927,
            -2.0
        ],
        [
            119.10564725915717,
            -2.8333333333333335
        ],
        [
            118.87558806442505,
            -3.666666666666667
        ],
        [
            118.64552886969294,
            -4.5
        ]
    ],
    "7": [
        [
            120.69696150715616,
            3.0
        ],
        [
            120.85891514972894,
            2.1666666666666665
        ],
        [
            121.02086879230173,
            1.3333333333333333
        ],
        [
            121.18282243487451,
            0.5
        ],
        [
            121.34477607744728,
            -0.3333333333333335
        ],
        [
            121.50672972002006,
            -1.166666666666667
        ],
        [
            121.66868336259284,
            -2.0
        ],
        [
            121.19366927267728,
            -2.8333333333333335
        ],
        [
            120.71865518276172,
            -3.666666666666667
        ],
        [
            120.24364109284616,
            -4.5
        ]
    ],
    "8": [
        [
            118.26486849718907,
            3.0
        ],
        [
            118.22079077887454,
            2.1666666666666665
        ],
        [
            118.17671306056003,
            1.3333333333333333
        ],
        [
            118.13263534224552,
            0.5
        ],
        [
            118.088557623931,
            -0.3333333333333335
        ],
        [
            118.04447990561647,
            -1.166666666666667
        ],
        [
            118.00040218730196,
            -2.0
        ],
        [
            118.68432290181327,
            -2.8333333333333335
        ],
        [
            119.36824361632458,
            -3.666666666666667
        ],
        [
            120.0521643308359,
            -4.5
        ]
    ],
    "9": [
        [
            121.10236544310246,
            3.0
        ],
        [
            121.03367851302556,
            2.1666666666666665
        ],
        [
            120.96499158294868,
            1.3333333333333333
        ],
        [
            120.8963046528718,
            0.5
        ],
        [
            120.82761772279491,
            -0.3333333333333335
        ],
        [
            120.75893079271802,
            -1.166666666666667
        ],
        [
            120.69024386264114,
            -2.0
        ],
        [
            120.4912363011001,
            -2.8333333333333335
        ],
        [
            120.29222873955905,
            -3.666666666666667
        ],
        [
            120.09322117801801,
            -4.5
        ]
    ]
}